id,availability,condition,description,image_link,link,title,price,brand,identifier_exists,item_group_id,google_product_category,product_type
811,"in stock",New,"Add a splash of color to your essentials with this stylish Orange Wallet. Crafted from durable, high-quality material, it features multiple card slots, a spacious bill compartment, and a secure zip closure. The vibrant orange hue provides a bold, eye-catching touch, while the sleek design ensures it fits comfortably in your pocket or bag. Perfect for keeping your valuables organized and adding a pop of color to your everyday carry.",https://mcbeans-apparel.local/wp-content/uploads/2024/07/Wallet-Orange.jpg,https://mcbeans-apparel.local/product/wallet-orange/?utm_source=Facebook%20Catalog%20Feed%20/%20Instagram&amp;utm_campaign=Copy%20US%20Facebook%20Catalog%20XML&amp;utm_medium=cpc&amp;utm_term=811,"Wallet (Orange)","GBP 165.00","Halford Brown",yes,,166,"Home &gt; Accessories"
809,"in stock",New,"Brighten your look with this cheerful Yellow T-Shirt for Women. Made from soft, lightweight fabric, it offers a comfortable, relaxed fit with a classic crew neckline. The vibrant yellow hue adds a lively touch to any outfit, making it perfect for casual outings, sunny days, or layering under a jacket. Easy to pair with jeans, skirts, or shorts, this t-shirt combines comfort with a fun pop of color.",https://mcbeans-apparel.local/wp-content/uploads/2024/07/T-Shirt-Women-Yellow.jpg,https://mcbeans-apparel.local/product/t-shirt-for-women-yellow/?utm_source=Facebook%20Catalog%20Feed%20/%20Instagram&amp;utm_campaign=Copy%20US%20Facebook%20Catalog%20XML&amp;utm_medium=cpc&amp;utm_term=809,"T-Shirt for Women (Yellow)","GBP 132.00",Menat,yes,,212,"Home &gt; Clothing &gt; Tops"
806,"in stock",New,"Brighten up your casual wardrobe with this vibrant Red T-Shirt for Men. Made from soft, high-quality cotton, it features a classic crew neckline and a comfortable, relaxed fit. The bold red color makes a statement and adds a pop of color to any outfit. Ideal for everyday wear, this t-shirt pairs effortlessly with jeans, shorts, or layered under a jacket, offering both style and comfort.",https://mcbeans-apparel.local/wp-content/uploads/2024/07/T-Shirt-Men-Red.jpg,https://mcbeans-apparel.local/product/t-shirt-for-men-red/?utm_source=Facebook%20Catalog%20Feed%20/%20Instagram&amp;utm_campaign=Copy%20US%20Facebook%20Catalog%20XML&amp;utm_medium=cpc&amp;utm_term=806,"T-Shirt for Men (Red)","GBP 132.00",Menat,yes,,212,"Home &gt; Clothing &gt; Tops"
804,"in stock",New,"Add a touch of versatility to your wardrobe with this Olive Green T-Shirt for Men. Crafted from soft, breathable fabric, it offers a relaxed fit with a classic crew neckline. The earthy olive green color provides a unique alternative to basic neutrals, making it easy to pair with jeans, shorts, or layered under a jacket. Perfect for casual wear or relaxed weekends, this t-shirt combines comfort with style.",https://mcbeans-apparel.local/wp-content/uploads/2024/07/T-Shirt-Men-Olive-Green.jpg,https://mcbeans-apparel.local/product/t-shirt-for-men-olive-green/?utm_source=Facebook%20Catalog%20Feed%20/%20Instagram&amp;utm_campaign=Copy%20US%20Facebook%20Catalog%20XML&amp;utm_medium=cpc&amp;utm_term=804,"T-Shirt for Men (Olive Green)","GBP 132.00",Menat,yes,,212,"Home &gt; Clothing &gt; Tops"
802,"in stock",New,"Refresh your basics with this essential Black T-Shirt for Men. Made from soft, breathable cotton, it offers a comfortable, relaxed fit thats perfect for everyday wear. The classic crew neckline and versatile black color make it a staple piece that pairs effortlessly with jeans, shorts, or under a jacket. Ideal for casual outings or layering, this t-shirt combines simplicity with style.",https://mcbeans-apparel.local/wp-content/uploads/2024/07/T-Shirt-Men-Black.jpg,https://mcbeans-apparel.local/product/t-shirt-for-men-black/?utm_source=Facebook%20Catalog%20Feed%20/%20Instagram&amp;utm_campaign=Copy%20US%20Facebook%20Catalog%20XML&amp;utm_medium=cpc&amp;utm_term=802,"T-Shirt for Men (Black)","GBP 110.00",Menat,yes,,212,"Home &gt; Clothing &gt; Tops"
800,"in stock",New,"Exude timeless elegance with this classic Top Hat. Crafted from high-quality felt, it features a sleek, cylindrical design with a wide brim and a satin ribbon band. Ideal for formal occasions such as weddings, galas, or theater events, this iconic accessory adds a touch of sophistication to any ensemble. Its adjustable inner band ensures a comfortable fit for a polished and refined look.",https://mcbeans-apparel.local/wp-content/uploads/2024/07/Top-Hat.jpg,https://mcbeans-apparel.local/product/top-hat/?utm_source=Facebook%20Catalog%20Feed%20/%20Instagram&amp;utm_campaign=Copy%20US%20Facebook%20Catalog%20XML&amp;utm_medium=cpc&amp;utm_term=800,"Top Hat","GBP 550.00",Porpoise,yes,,2020,"Home &gt; Clothing &gt; Headwear"
798,"in stock",New,"Dive into summer with this stylish Swimsuit. Designed for comfort and performance, it features a flattering fit with high-quality, quick-drying fabric. Available in various styles such as one-piece, bikini, or tankini, it offers both support and flexibility for all your water activities. Its chic design and vibrant colors ensure you look great by the pool or at the beach.",https://mcbeans-apparel.local/wp-content/uploads/2024/07/Swimsuit.jpg,https://mcbeans-apparel.local/product/798/?utm_source=Facebook%20Catalog%20Feed%20/%20Instagram&amp;utm_campaign=Copy%20US%20Facebook%20Catalog%20XML&amp;utm_medium=cpc&amp;utm_term=798,Swimsuit,"GBP 165.00","Sunwear Deluxe",yes,,211,"Home &gt; Clothing &gt; Swimwear"
796,"in stock",New,"Embrace cozy elegance with this Blue Sweater for Women. Made from soft, high-quality fabric, it features a relaxed fit and a classic design with ribbed cuffs and hem. The rich blue color adds a touch of sophistication, making it a versatile piece that pairs well with jeans, skirts, or trousers. Ideal for layering in cooler weather, this sweater combines warmth and style effortlessly.",https://mcbeans-apparel.local/wp-content/uploads/2024/07/Sweater-Women-Blue.jpg,https://mcbeans-apparel.local/product/sweater-for-women-blue/?utm_source=Facebook%20Catalog%20Feed%20/%20Instagram&amp;utm_campaign=Copy%20US%20Facebook%20Catalog%20XML&amp;utm_medium=cpc&amp;utm_term=796,"Sweater for Women (Blue)","GBP 275.00","Oldschool 88",yes,,203,"Home &gt; Clothing &gt; Outerwear"
794,"in stock",New,"Stay stylish and protected under the sun with this chic Summer Hat. Made from lightweight, breathable material, it features a wide brim to shield your face and neck from UV rays. The hats adjustable band ensures a comfortable fit, while its versatile design complements any summer outfit. Ideal for beach days, outdoor events, or casual strolls, this hat combines functionality with fashion.",https://mcbeans-apparel.local/wp-content/uploads/2024/07/Summer-Hat.jpg,https://mcbeans-apparel.local/product/summer-hat/?utm_source=Facebook%20Catalog%20Feed%20/%20Instagram&amp;utm_campaign=Copy%20US%20Facebook%20Catalog%20XML&amp;utm_medium=cpc&amp;utm_term=794,"Summer Hat","GBP 132.00",Porpoise,yes,,2020,"Home &gt; Clothing &gt; Headwear"
792,"in stock",New,"Elevate your casual wardrobe with these versatile Blue Shorts for Women. Crafted from soft, breathable fabric, they offer a comfortable fit with a flattering, tailored design. Featuring an adjustable waistband and classic side pockets, these shorts are perfect for everyday wear, casual outings, or lounging. Their sleek blue color makes them easy to pair with a variety of tops and accessories.",https://mcbeans-apparel.local/wp-content/uploads/2024/07/Shorts-Women-Blue.jpg,https://mcbeans-apparel.local/product/shorts-for-women-blue/?utm_source=Facebook%20Catalog%20Feed%20/%20Instagram&amp;utm_campaign=Copy%20US%20Facebook%20Catalog%20XML&amp;utm_medium=cpc&amp;utm_term=792,"Shorts for Women (Blue)","GBP 165.00",Bailey,yes,,204,"Home &gt; Clothing &gt; Bottoms"
790,"in stock",New,"Elevate your casual wardrobe with these versatile Black Shorts for Women. Crafted from soft, breathable fabric, they offer a comfortable fit with a flattering, tailored design. Featuring an adjustable waistband and classic side pockets, these shorts are perfect for everyday wear, casual outings, or lounging. Their sleek black color makes them easy to pair with a variety of tops and accessories.",https://mcbeans-apparel.local/wp-content/uploads/2024/07/Shorts-Women-Black.jpg,https://mcbeans-apparel.local/product/shorts-for-women-black/?utm_source=Facebook%20Catalog%20Feed%20/%20Instagram&amp;utm_campaign=Copy%20US%20Facebook%20Catalog%20XML&amp;utm_medium=cpc&amp;utm_term=790,"Shorts for Women (Black)","GBP 165.00",Bailey,yes,,204,"Home &gt; Clothing &gt; Bottoms"
788,"in stock",New,"Stay organized and stylish with this durable Schoolbag. Designed for students of all ages, it features multiple compartments and pockets to keep books, supplies, and personal items neatly arranged. Made from high-quality, water-resistant fabric, this schoolbag offers comfort with padded straps and a supportive back panel. Available in various colors and designs, it’s perfect for everyday use, whether for school, extracurricular activities, or weekend adventures.",https://mcbeans-apparel.local/wp-content/uploads/2024/07/Schoolbag.jpg,https://mcbeans-apparel.local/product/788/?utm_source=Facebook%20Catalog%20Feed%20/%20Instagram&amp;utm_campaign=Copy%20US%20Facebook%20Catalog%20XML&amp;utm_medium=cpc&amp;utm_term=788,Schoolbag,"GBP 165.00","Halford Brown",yes,,166,"Home &gt; Accessories"
786,"in stock",New,"Refresh your wardrobe with this classic Blue Plaid Shirt for Men. Made from soft, breathable fabric, it features a timeless plaid pattern in varying shades of blue. The shirt includes a button-down front, a crisp collar, and adjustable cuffs for a versatile fit. Perfect for casual outings or layered with a blazer for a smart-casual look, this shirt combines style and comfort effortlessly.",https://mcbeans-apparel.local/wp-content/uploads/2024/07/Plaid-Shirt-Blue.jpg,https://mcbeans-apparel.local/product/plaid-shirt-for-men-blue/?utm_source=Facebook%20Catalog%20Feed%20/%20Instagram&amp;utm_campaign=Copy%20US%20Facebook%20Catalog%20XML&amp;utm_medium=cpc&amp;utm_term=786,"Plaid Shirt for Men (Blue)","GBP 220.00",Boisterous,yes,,212,"Home &gt; Clothing &gt; Tops"
784,"in stock",New,"Step out in style with these dazzling Pink Party Shoes for Women. Featuring a vibrant pink hue, these shoes are crafted from high-quality materials for comfort and durability. The elegant design includes a chic pointed toe, stiletto heel, and a sleek finish, making them p",https://mcbeans-apparel.local/wp-content/uploads/2024/07/Party-Shoes-Women-Pink-1.jpg,https://mcbeans-apparel.local/product/party-shoes-for-women-pink/?utm_source=Facebook%20Catalog%20Feed%20/%20Instagram&amp;utm_campaign=Copy%20US%20Facebook%20Catalog%20XML&amp;utm_medium=cpc&amp;utm_term=784,"Party Shoes for Women (Pink)","GBP 275.00","Polite Society",yes,,187,"Home &gt; Clothing &gt; Footwear"
780,"in stock",New,"Discover the perfect blend of style and comfort with these Jeans for Women. Crafted from high-quality denim, they feature a flattering fit that contours to your shape while offering flexibility and durability. Available in various styles such as skinny, straight-leg, and bootcut, these jeans come with classic details like a mid-rise waist, belt loops, and five-pocket design. Ideal for everyday wear, they easily transition from casual outings to more dressed-up occasions.",https://mcbeans-apparel.local/wp-content/uploads/2024/07/Jeans-Women.jpg,https://mcbeans-apparel.local/product/780/?utm_source=Facebook%20Catalog%20Feed%20/%20Instagram&amp;utm_campaign=Copy%20US%20Facebook%20Catalog%20XML&amp;utm_medium=cpc&amp;utm_term=780,"Jeans for Women","GBP 275.00",Bailey,yes,,204,"Home &gt; Clothing &gt; Bottoms"
777,"in stock",New,"Brighten up your look with this stylish Pink Hat. Made from soft, breathable fabric, it offers both comfort and a pop of color. The hat features an adjustable strap for a custom fit and a classic design that complements casual outfits. Whether youre heading to a sunny day out or just adding a fun touch to your ensemble, this versatile pink hat is a must-have accessory.",https://mcbeans-apparel.local/wp-content/uploads/2024/07/Hat-Pink.jpg,https://mcbeans-apparel.local/product/hat-pink/?utm_source=Facebook%20Catalog%20Feed%20/%20Instagram&amp;utm_campaign=Copy%20US%20Facebook%20Catalog%20XML&amp;utm_medium=cpc&amp;utm_term=777,"Hat (Pink)","GBP 88.00",Porpoise,yes,,2020,"Home &gt; Clothing &gt; Headwear"
775,"in stock",New,"Add a pop of color to your accessories collection with this stylish Blue Handbag. Crafted from durable, high-quality material, it features a sleek, modern design with ample space for your essentials. The handbag includes a secure zip closure, adjustable shoulder strap, and elegant hardware details. Perfect for both casual and professional settings, this versatile blue handbag is a chic and functional addition to any outfit.",https://mcbeans-apparel.local/wp-content/uploads/2024/07/Handbag-Blue.jpg,https://mcbeans-apparel.local/product/handbag-blue/?utm_source=Facebook%20Catalog%20Feed%20/%20Instagram&amp;utm_campaign=Copy%20US%20Facebook%20Catalog%20XML&amp;utm_medium=cpc&amp;utm_term=775,"Handbag (Blue)","GBP 330.00","Halford Brown",yes,,166,"Home &gt; Accessories"
773,"in stock",New,"Elevate your style with this elegant Pink Dress. Crafted from soft, high-quality fabric, it features a flattering fit-and-flare silhouette and a timeless design. The dress includes a classic round neckline, sleeveless or short sleeves, and a back zipper closure for a seamless fit. Perfect for a variety of occasions, from daytime events to evening outings, this versatile pink dress adds a touch of sophistication and charm to any wardrobe.",https://mcbeans-apparel.local/wp-content/uploads/2024/07/Dress-Pink.jpg,https://mcbeans-apparel.local/product/dress-pink/?utm_source=Facebook%20Catalog%20Feed%20/%20Instagram&amp;utm_campaign=Copy%20US%20Facebook%20Catalog%20XML&amp;utm_medium=cpc&amp;utm_term=773,"Dress (Pink)","GBP 330.00",Lavender,yes,,212,"Home &gt; Clothing &gt; Tops"
771,"in stock",New,"Brighten up your wardrobe with this charming Floral Dress. Made from lightweight, comfortable fabric, it features a vibrant floral pattern that adds a fresh and feminine touch. The dress is designed with a flattering fit-and-flare silhouette, a classic round neckline, and adjustable straps or short sleeves for a customizable fit. Perfect for spring and summer events, this versatile dress can be dressed up with heels or worn casually with sandals.",https://mcbeans-apparel.local/wp-content/uploads/2024/07/Dress-Floral.jpg,https://mcbeans-apparel.local/product/dress-floral/?utm_source=Facebook%20Catalog%20Feed%20/%20Instagram&amp;utm_campaign=Copy%20US%20Facebook%20Catalog%20XML&amp;utm_medium=cpc&amp;utm_term=771,"Dress (Floral)","GBP 275.00",Lavender,yes,,212,"Home &gt; Clothing &gt; Tops"
769,"in stock",New,"Add a touch of sophistication with this Black Floral Dress. Crafted from soft, breathable fabric, it features an elegant floral pattern against a dark backdrop, creating a striking and refined look. The dress showcases a flattering A-line silhouette, a classic round neckline, and short sleeves, with a subtle back zipper for ease of wear. Ideal for both formal occasions and casual gatherings, this dress effortlessly combines style and comfort.",https://mcbeans-apparel.local/wp-content/uploads/2024/07/Dress-Dark.jpg,https://mcbeans-apparel.local/product/dress-black-floral/?utm_source=Facebook%20Catalog%20Feed%20/%20Instagram&amp;utm_campaign=Copy%20US%20Facebook%20Catalog%20XML&amp;utm_medium=cpc&amp;utm_term=769,"Dress (Black, Floral)","GBP 330.00",Lavender,yes,,212,"Home &gt; Clothing &gt; Tops"
767,"in stock",New,"Step into effortless style with this Blue Checkered Dress. Crafted from soft, breathable fabric, it features a flattering fit-and-flare silhouette and a timeless checkered pattern. The dress is designed with a classic round neckline, short sleeves, and a convenient back zipper closure. Perfect for casual outings, brunch dates, or even the office, this versatile dress can be easily dressed up or down for any occasion.",https://mcbeans-apparel.local/wp-content/uploads/2024/07/Dress-Checkered.jpg,https://mcbeans-apparel.local/product/dress-blue-checkered/?utm_source=Facebook%20Catalog%20Feed%20/%20Instagram&amp;utm_campaign=Copy%20US%20Facebook%20Catalog%20XML&amp;utm_medium=cpc&amp;utm_term=767,"Dress (Blue, Checkered)","GBP 330.00",Lavender,yes,,212,"Home &gt; Clothing &gt; Tops"
765,"in stock",New,"Add a pop of color to your outfit with this stylish Red Cap. Made from durable, breathable fabric, it offers a comfortable fit and all-day wear. Featuring an adjustable strap at the back, it ensures a secure and customizable fit for any head size. Perfect for casual outings, sports events, or adding a fun touch to your everyday look, this cap is a versatile accessory for any wardrobe.",https://mcbeans-apparel.local/wp-content/uploads/2024/07/Cap-Red.jpg,https://mcbeans-apparel.local/product/765/?utm_source=Facebook%20Catalog%20Feed%20/%20Instagram&amp;utm_campaign=Copy%20US%20Facebook%20Catalog%20XML&amp;utm_medium=cpc&amp;utm_term=765,"Cap (Red)","GBP 88.00",Cornswabble,yes,,2020,"Home &gt; Clothing &gt; Headwear"
763,"in stock",New,"Add a pop of color to your outfit with this stylish Pink Cap. Made from durable, breathable fabric, it offers a comfortable fit and all-day wear. Featuring an adjustable strap at the back, it ensures a secure and customizable fit for any head size. Perfect for casual outings, sports events, or adding a fun touch to your everyday look, this cap is a versatile accessory for any wardrobe.",https://mcbeans-apparel.local/wp-content/uploads/2024/07/Cap-Pink.jpg,https://mcbeans-apparel.local/product/cap-pink/?utm_source=Facebook%20Catalog%20Feed%20/%20Instagram&amp;utm_campaign=Copy%20US%20Facebook%20Catalog%20XML&amp;utm_medium=cpc&amp;utm_term=763,"Cap (Pink)","GBP 88.00",Cornswabble,yes,,2020,"Home &gt; Clothing &gt; Headwear"
761,"in stock",New,"Enhance your professional wardrobe with this classic Mens White Business Shirt. Crafted from premium, breathable fabric, this shirt offers a comfortable fit with a polished look. Featuring a sharp, pointed collar and button-down front, its perfect for office wear or formal occasions. The versatile white hue pairs effortlessly with suits, ties, and dress trousers, making it a staple for any discerning gentleman.",https://mcbeans-apparel.local/wp-content/uploads/2024/07/Business-Shirt-Men-White.jpg,https://mcbeans-apparel.local/product/business-shirt-for-men-white/?utm_source=Facebook%20Catalog%20Feed%20/%20Instagram&amp;utm_campaign=Copy%20US%20Facebook%20Catalog%20XML&amp;utm_medium=cpc&amp;utm_term=761,"Business Shirt for Men (White)","GBP 220.00",Boisterous,yes,,212,"Home &gt; Clothing &gt; Tops"
758,"in stock",New,"Enhance your professional wardrobe with this classic Mens Blue Business Shirt. Crafted from premium, breathable fabric, this shirt offers a comfortable fit with a polished look. Featuring a sharp, pointed collar and button-down front, its perfect for office wear or formal occasions. The versatile blue hue pairs effortlessly with suits, ties, and dress trousers, making it a staple for any discerning gentleman.",https://mcbeans-apparel.local/wp-content/uploads/2024/07/Business-Shirt-Men-Blue.jpg,https://mcbeans-apparel.local/product/business-shirt-for-men-blue/?utm_source=Facebook%20Catalog%20Feed%20/%20Instagram&amp;utm_campaign=Copy%20US%20Facebook%20Catalog%20XML&amp;utm_medium=cpc&amp;utm_term=758,"Business Shirt for Men (Blue)","GBP 220.00",Boisterous,yes,,212,"Home &gt; Clothing &gt; Tops"
756,"in stock",New,"Upgrade your wardrobe with this elegant Womens White Blazer, perfect for any occasion. Crafted from high-quality, lightweight fabric, it offers a tailored fit that accentuates your silhouette, while the classic notched lapel and single-button closure add a touch of sophistication. Ideal for both professional settings and casual outings, this versatile blazer pairs effortlessly with dresses, skirts, or trousers, ensuring a polished and stylish look.",https://mcbeans-apparel.local/wp-content/uploads/2024/07/Blazer-Women-White.jpg,https://mcbeans-apparel.local/product/756/?utm_source=Facebook%20Catalog%20Feed%20/%20Instagram&amp;utm_campaign=Copy%20US%20Facebook%20Catalog%20XML&amp;utm_medium=cpc&amp;utm_term=756,"Blazer for Women (White)","GBP 550.00","Oldschool 88",yes,,203,"Home &gt; Clothing &gt; Outerwear"
